{
  "n": 13,
  "min_cluster_size": 3,
  "min_samples": null,
  "method": "leaf",
  "etiquetas": [
    0,
    0,
    0,
    0,
    -1,
    0,
    1,
    1,
    1,
    1,
    1,
    -1,
    -1
  ],
  "probs": [
    1.0,
    0.9294834939652667,
    0.9472369903444641,
    1.0,
    0.0,
    1.0,
    1.0,
    1.0,
    1.0,
    0.9776926619128545,
    1.0,
    0.0,
    0.0
  ],
  "mat_shape": [
    13,
    1024
  ]
}